SeriousDlqin2yrs,age,NumberOfTime3059DaysPastDueNotWorse,MonthlyIncome,NumberOfOpenCreditLinesAndLoans,NumberOfTimes90DaysLate,NumberRealEstateLoansOrLines,NumberOfTime6089DaysPastDueNotWorse,NumberOfDependents,RevolvingUtilizationOfUnsecuredLines,DebtRatio,credit_score
0.0,56,1,3714.0,6,0,0,0,0.0,0.147047386,0.1144010769999999,662
0.0,35,0,3900.0,8,0,1,0,2.0,0.982232725,0.799282235,705
0.0,39,0,12660.0,9,0,2,0,2.0,0.13653642,0.267040518,758
0.0,71,0,3500.0,5,0,0,0,0.0,0.045505408,0.021708083,756
0.0,59,0,3000.0,5,0,0,0,1.0,0.030994834,0.279240253,740
0.0,36,0,6250.0,5,0,0,0,2.0,0.331857323,0.0974244119999999,735
0.0,78,0,3000.0,6,0,0,0,0.0,0.010645886,0.00733089,695
0.0,52,0,6757.0,8,0,0,0,0.0,0.203162247,0.112755253,720
0.0,40,0,3734.0,8,0,1,0,1.0,0.0,0.387416332,704
0.0,57,0,10833.0,9,0,2,0,0.0,0.023634829,0.21515599,760
0.0,39,0,3000.0,10,0,2,0,4.0,0.180268138,0.342885705,771
0.0,59,0,10100.0,14,0,3,0,0.0,0.0,0.352836353,661
0.0,68,0,10500.0,15,0,3,0,1.0,0.0014267,0.185220455,688
0.0,77,1,4300.0,11,0,1,0,0.0,0.176016298,0.232271565,768
0.0,45,0,3092.0,4,0,0,0,2.0,0.1272713419999999,0.03233107,710
0.0,51,0,9985.0,17,0,4,0,0.0,0.069987616,0.3892449429999999,747
0.0,54,0,2673.0,8,0,1,0,0.0,0.011597477,0.567314884,716
0.0,52,0,3500.0,8,0,0,0,0.0,0.713458281,0.343330477,714
0.0,56,0,3822.0,9,0,1,0,0.0,0.514194019,0.5398901389999999,712
0.0,49,2,5050.0,9,0,0,1,3.0,0.515429989,0.274005147,765
0.0,49,0,4647.0,14,0,3,0,0.0,0.015572167,0.341006885,677
0.0,54,0,3500.0,9,0,0,0,0.0,0.032945929,0.008283348,744
0.0,67,0,15000.0,8,0,1,0,0.0,0.107475924,0.128124792,703
0.0,46,0,16666.0,6,0,1,0,2.0,0.049677019,0.383632327,771
0.0,66,3,6000.0,16,0,1,0,0.0,0.219934321,0.98950175,739
0.0,73,0,3797.0,13,0,3,0,0.0,0.175136609,0.6079515529999999,679
0.0,64,0,6442.0,5,0,1,0,0.0,0.0,0.234362874,659
0.0,45,0,6500.0,4,0,0,0,2.0,0.500577666,0.129364713,693
0.0,40,0,6500.0,10,0,0,0,0.0,0.7888225759999999,0.4251653589999999,758
0.0,28,0,5800.0,5,0,0,0,0.0,0.092821216,0.023961386,708
0.0,47,2,14500.0,10,0,2,1,0.0,0.984595256,0.313702503,686
0.0,52,0,10000.0,10,0,1,0,0.0,0.24718235,0.1036896309999999,735
0.0,81,0,2400.0,4,0,0,0,0.0,0.033296397,0.014993753,766
0.0,67,0,5475.0,11,0,1,0,0.0,0.0179086839999999,0.133308985,768
0.0,52,0,11564.0,18,0,2,0,1.0,0.402431331,0.237527021,758
0.0,64,0,5218.0,7,0,1,0,0.0,0.044905825,0.164016095,677
0.0,38,0,12750.0,9,0,2,0,2.0,0.172173954,0.136459885,731
0.0,43,0,15550.0,7,0,2,0,2.0,0.0,0.6148157670000001,663
0.0,37,0,4367.0,8,0,0,0,4.0,0.034300951,0.121794872,732
0.0,35,0,8500.0,0,3,0,0,1.0,0.9999999,0.028937772,715
0.0,35,0,1400.0,8,0,2,0,2.0,0.600296687,1.988579586,740
0.0,60,0,10500.0,8,0,1,0,0.0,0.000446799,0.2720693269999999,714
0.0,44,0,11064.0,8,0,2,0,3.0,0.061090427,0.340352463,710
0.0,54,0,14600.0,9,0,2,0,3.0,0.209463176,0.193548387,670
0.0,53,0,6700.0,10,0,1,0,2.0,0.724271335,0.619310551,773
0.0,26,0,5000.0,4,0,0,0,0.0,0.0378907479999999,0.075784843,766
0.0,61,0,1710.0,10,0,0,0,0.0,0.135620821,0.8842781999999999,712
0.0,48,1,6750.0,6,2,0,1,0.0,0.992909735,0.180565842,725
0.0,51,0,3200.0,7,0,1,0,0.0,0.382330015,0.6538581689999999,761
0.0,73,0,16317.0,6,0,2,0,1.0,0.10899564,0.2402868,665
0.0,26,0,3950.0,7,0,1,0,0.0,0.525134079,0.256390787,692
0.0,48,0,2542.0,7,0,1,0,0.0,0.0018460829999999,0.289421943,692
0.0,58,0,10000.0,8,0,0,0,0.0,0.013129606,0.00229977,708
0.0,61,2,8000.0,8,0,0,0,0.0,0.647041221,0.1088613919999999,718
0.0,79,0,8000.0,9,0,1,0,0.0,0.128860445,0.302462192,659
0.0,46,0,9828.0,13,0,3,0,1.0,0.01378473,0.4356496079999999,691
0.0,57,0,6764.0,6,0,0,0,0.0,0.0,0.082039911,700
0.0,49,0,6603.0,12,0,1,0,0.0,0.011762731,0.112204724,758
0.0,59,1,4000.0,16,0,1,0,0.0,0.422505961,0.336415896,669
0.0,47,3,5400.0,11,0,0,1,0.0,0.65791776,0.261618219,771
0.0,48,2,6645.0,8,0,1,1,0.0,0.223436875,0.241799579,678
0.0,49,0,15150.0,11,0,3,0,0.0,0.542818837,0.302488285,705
0.0,62,0,6598.0,8,0,1,0,1.0,0.0392853129999999,0.17820882,737
0.0,30,0,4333.0,8,0,0,0,0.0,0.14860533,0.114905399,714
0.0,38,0,3390.0,7,0,1,0,3.0,0.005945143,0.355647302,744
0.0,64,0,3216.0,5,0,0,0,0.0,0.11655536,0.0152315819999999,667
0.0,49,0,9167.0,5,0,0,0,1.0,0.142176648,0.019633508,746
0.0,63,0,3000.0,9,0,1,0,1.0,0.344622928,0.2459180269999999,761
0.0,78,0,3401.0,5,0,0,0,0.0,0.005052018,0.008230453,745
0.0,33,1,3400.0,6,0,0,0,0.0,0.76222673,0.158482799,735
0.0,51,2,16333.0,13,0,1,0,3.0,0.511269726,0.292457451,771
0.0,42,0,2916.0,6,1,0,0,1.0,0.480311703,0.099417209,760
0.0,50,1,2849.0,8,0,1,0,1.0,0.318523033,0.582105263,663
0.0,68,0,10300.0,6,0,1,0,1.0,0.8032196779999999,0.1470731,696
0.0,61,0,14000.0,7,0,1,0,2.0,0.073548215,0.18648668,761
0.0,50,0,9000.0,16,0,0,0,0.0,0.200540642,0.103766248,725
0.0,31,0,3205.0,2,0,0,0,0.0,0.012838802,0.179975047,689
0.0,46,0,2700.0,8,0,1,0,3.0,0.194585448,0.461680859,720
0.0,74,0,12500.0,10,0,1,0,1.0,0.066897868,0.167666587,754
0.0,46,2,5500.0,5,0,2,0,2.0,0.190127409,0.188692965,721
0.0,61,0,4800.0,7,0,1,0,0.0,0.222407393,0.222245366,677
0.0,61,1,4756.0,17,0,1,1,0.0,0.506668414,0.651040572,698
0.0,42,0,5500.0,2,6,0,2,1.0,1.213683759,0.2008725689999999,772
0.0,58,3,2745.0,10,0,1,0,1.0,0.197317006,0.445010925,710
0.0,37,0,4364.0,11,0,2,0,0.0,0.009507974,0.57021764,749
0.0,76,0,1666.0,7,0,0,0,0.0,0.050636213,0.031193761,732
0.0,54,2,5640.0,11,0,2,0,1.0,0.614176728,0.519765999,693
0.0,64,0,3928.0,15,0,0,0,0.0,0.8827448370000001,0.209722576,750
0.0,48,1,13500.0,11,0,2,0,1.0,0.436656417,0.382193912,760
0.0,71,0,3178.0,17,0,1,0,2.0,0.429571872,0.471531928,690
0.0,80,0,5000.0,19,0,1,0,0.0,0.504743053,1.044591082,751
0.0,55,0,6866.0,7,0,2,0,1.0,0.013672123,0.243046454,679
0.0,65,0,6166.0,10,0,2,0,1.0,0.0,0.36468299,751
0.0,67,0,7608.0,12,0,1,0,0.0,0.434192942,0.4390852939999999,676
0.0,53,0,5833.0,5,0,0,0,2.0,0.461230797,0.208604731,659
0.0,74,0,3350.0,13,0,1,0,0.0,0.05686688,0.465831095,744
0.0,36,0,5769.0,6,0,1,0,1.0,0.0,0.36135182,766
0.0,54,0,2240.0,6,0,1,0,1.0,0.9999999,0.409192325,718
0.0,54,0,23782.0,6,0,1,0,3.0,0.9999999,0.080814027,697
0.0,81,0,15500.0,25,0,2,0,1.0,0.057194838,0.188503967,713
0.0,67,0,7939.0,8,0,3,0,0.0,0.0,0.489798489,747
0.0,29,0,2416.0,12,0,2,0,0.0,0.87701755,2.599503517,661
0.0,36,0,4167.0,11,0,1,0,2.0,0.171529037,0.738963532,673
0.0,60,0,6667.0,7,0,2,0,0.0,0.957008598,0.376424715,665
0.0,44,1,6000.0,6,0,2,0,0.0,0.10763079,0.5765705720000001,674
0.0,56,0,17334.0,10,0,0,0,0.0,0.652682044,0.11629651,746
0.0,61,0,7550.0,9,0,1,0,0.0,0.057549891,0.26910343,703
0.0,38,0,3000.0,6,0,0,0,1.0,0.959097186,0.421526158,695
0.0,34,0,3589.0,1,0,0,0,0.0,0.9999999,0.098607242,733
0.0,89,0,6000.0,2,0,0,0,0.0,0.9999999,0.0,686
0.0,36,0,4000.0,3,0,1,0,0.0,0.0,0.1992002,736
0.0,41,0,9352.0,5,0,1,0,1.0,0.778465905,0.338501016,719
0.0,49,0,6666.0,12,0,2,0,1.0,0.014181515,0.6898155090000001,694
0.0,59,0,7384.0,4,0,1,0,0.0,0.236244094,0.359106297,696
0.0,72,1,6317.0,7,0,1,0,0.0,0.0,0.116650839,715
0.0,77,0,4500.0,15,0,0,0,0.0,0.053580199,0.031104199,692
0.0,39,6,7000.0,18,1,1,0,0.0,0.280652517,0.257963148,754
0.0,30,1,3279.0,2,0,0,2,0.0,0.788359788,0.015243902,764
0.0,47,0,4660.0,3,0,0,0,0.0,0.219140177,0.19716799,689
0.0,62,1,7000.0,8,1,1,0,0.0,0.032065598,0.175546351,700
0.0,50,1,4584.0,11,0,0,0,0.0,0.921260885,0.444274809,765
0.0,60,0,6278.0,12,0,1,0,0.0,0.969187171,0.5747730529999999,660
0.0,64,0,11325.0,14,0,1,0,1.0,0.387184862,0.302843016,767
0.0,34,0,3916.0,7,0,2,0,0.0,0.1536466769999999,1.220066377,702
0.0,45,0,13000.0,13,0,1,0,3.0,0.067077344,0.242750558,670
0.0,39,0,14000.0,10,0,1,0,3.0,0.518155203,0.2182701239999999,699
0.0,54,0,2300.0,8,0,1,0,0.0,0.070444104,0.44589309,688
0.0,27,0,4507.0,4,0,0,0,0.0,0.0996182509999999,0.079636202,733
0.0,63,0,3900.0,9,0,1,0,0.0,0.01347333,0.293514483,759
0.0,48,0,3962.0,2,0,0,0,0.0,0.097931379,0.063588191,674
0.0,46,0,4250.0,10,0,1,0,0.0,0.762879234,0.617266526,663
0.0,71,0,6250.0,10,0,1,1,0.0,0.056982859,0.181890897,686
0.0,56,0,3500.0,10,0,1,0,0.0,0.281959266,1.220508426,704
0.0,64,0,5400.0,13,0,3,0,0.0,0.0030230229999999,0.7842992040000001,681
0.0,42,0,7000.0,5,0,0,0,1.0,0.042534707,0.011141266,729
0.0,52,0,4333.0,8,0,0,0,0.0,0.081902905,0.024457776,767
0.0,49,0,3756.0,10,0,1,0,4.0,0.669549826,0.835507054,748
0.0,51,0,39532.0,12,0,3,0,2.0,0.22169358,0.132724559,744
0.0,49,0,8000.0,10,1,0,0,0.0,0.027437639,0.05911761,738
0.0,57,0,10823.0,7,0,1,0,2.0,0.0,0.17812269,727
0.0,29,1,1474.0,9,0,0,0,0.0,0.285918309,0.442033898,679
0.0,45,0,6000.0,13,0,2,0,3.0,0.289977282,1.096817197,699
0.0,41,2,5400.0,2,0,0,0,1.0,0.9999999,0.083688206,756
0.0,71,0,4304.0,9,0,2,0,0.0,0.112752435,0.432288037,758
0.0,31,0,9445.0,14,0,2,0,1.0,0.717056589,0.31674783,695
0.0,67,0,6000.0,3,0,0,0,0.0,0.0,0.01349775,720
0.0,33,1,3585.0,5,0,0,0,2.0,0.1545068369999999,0.041271612,758
0.0,45,0,7915.0,10,0,1,0,2.0,0.040024561,0.553562405,688
0.0,48,0,5783.0,19,0,2,0,1.0,0.579407068,0.774896266,747
0.0,50,0,13275.0,12,0,2,0,2.0,0.0860628609999999,0.3766947879999999,763
0.0,38,0,2000.0,8,0,2,0,2.0,0.143242838,1.4502748630000002,763
0.0,77,0,5000.0,9,0,0,0,0.0,0.0037640029999999,0.00359928,698
0.0,28,0,6200.0,2,0,0,0,0.0,0.625863532,0.136429608,682
0.0,59,0,7203.0,10,0,1,0,0.0,0.0,0.206968351,671
0.0,51,1,10416.0,9,0,3,0,1.0,0.847046118,0.278199098,677
0.0,31,0,2500.0,8,0,0,1,0.0,0.732601451,0.343062775,708
0.0,72,0,2583.0,6,0,0,0,0.0,0.181760586,0.128482972,686
0.0,51,0,4900.0,6,0,0,0,0.0,0.873312669,0.071822077,680
0.0,71,0,19000.0,11,0,2,0,0.0,0.268276223,0.723488237,672
0.0,70,0,8500.0,19,0,4,0,0.0,0.021353518,0.612516175,694
0.0,50,0,9500.0,8,0,1,0,2.0,0.001161686,0.109041154,710
0.0,49,0,7000.0,12,0,1,0,0.0,0.045155938,0.179831453,716
0.0,75,0,4000.0,11,0,0,0,0.0,0.017107429,0.008247938,707
0.0,41,0,15833.0,9,0,0,0,0.0,0.2390562239999999,0.037451055,741
0.0,35,0,4200.0,18,0,1,0,4.0,0.00419504,0.413711021,681
0.0,50,0,7166.0,1,0,0,0,0.0,0.9999999,0.096832705,730
0.0,26,0,3000.0,4,0,0,0,0.0,0.094639056,0.0983005659999999,762
0.0,68,0,5000.0,4,0,2,0,0.0,0.065531149,0.4663067389999999,691
0.0,53,0,5867.0,6,0,1,0,3.0,2.78e-05,0.278459441,694
0.0,44,0,23533.0,11,0,0,0,0.0,0.5600652389999999,0.118126965,684
0.0,30,0,9185.0,2,0,0,1,1.0,0.0,0.014043109,695
0.0,71,1,3500.0,30,0,0,0,0.0,0.191764601,0.242787775,669
0.0,27,0,3466.0,6,0,0,0,0.0,0.130720909,0.11825786,712
0.0,73,0,5610.0,6,0,0,0,0.0,0.01895061,0.005703083,739
0.0,53,0,12596.0,17,0,1,0,0.0,0.31378024,0.435818052,701
0.0,43,0,4300.0,4,0,1,0,4.0,0.7722562270000001,0.455707975,725
0.0,51,0,4455.0,4,0,0,0,0.0,0.0168662919999999,0.046903052,724
0.0,42,0,4011.0,4,0,0,0,3.0,0.038331454,0.0057328019999999,745
0.0,65,0,2900.0,13,0,1,0,0.0,0.066048349,0.508790072,701
0.0,45,0,2000.0,8,0,1,0,0.0,0.176363847,0.394302849,663
0.0,44,0,3000.0,0,0,0,0,3.0,0.9999999,0.015994668,675
0.0,43,1,2700.0,8,0,1,1,2.0,0.0013332889999999,0.411329137,755
0.0,31,2,2400.0,9,0,0,0,0.0,0.926257753,0.203248646,739
0.0,61,0,8954.0,3,0,2,0,0.0,0.9999999,0.253266332,746
0.0,61,0,7596.0,11,0,1,0,0.0,0.283635152,0.261813874,751
0.0,40,0,3358.0,15,0,9,0,0.0,0.7572289659999999,1.740101221,673
0.0,55,0,8116.0,9,0,0,0,2.0,0.6335585220000001,0.328323272,708
0.0,42,0,4663.0,21,0,2,0,1.0,0.080314929,0.433962264,754
0.0,34,2,3660.0,10,0,0,0,1.0,0.630550175,0.341436766,736
0.0,54,0,9114.0,15,0,1,0,1.0,0.2092610989999999,0.368294021,748
0.0,72,0,6000.0,18,0,2,0,0.0,0.069763188,0.481753041,685
0.0,29,0,1560.0,5,0,0,0,0.0,0.02969703,0.0416399739999999,739
0.0,60,0,10000.0,12,0,0,0,1.0,0.259124447,0.118088191,720
0.0,68,0,3200.0,7,0,1,0,0.0,0.259772812,0.391440175,685
0.0,68,0,18333.0,14,0,3,0,1.0,0.042803241,0.417203011,756
0.0,54,0,5494.0,12,0,1,0,0.0,0.921748352,0.581437671,744
0.0,54,0,4113.0,8,0,1,0,3.0,0.410117694,0.48104035,762
0.0,48,0,13139.0,16,0,4,0,1.0,0.072582643,0.235464231,694
0.0,49,0,5000.0,15,0,2,0,0.0,0.2691782219999999,0.367726455,711
0.0,58,0,4410.0,0,0,0,0,0.0,0.9999999,0.007708003,675
0.0,61,0,3400.0,12,0,1,0,3.0,0.133787935,0.343428403,747
0.0,44,0,5000.0,6,0,0,0,0.0,0.37037741,0.277144571,721
0.0,48,0,11250.0,10,0,2,0,2.0,0.16483065,0.453826327,682
0.0,60,0,3300.0,13,0,2,0,0.0,0.957025592,0.195758861,705
0.0,72,0,3066.0,10,0,1,0,0.0,0.499283357,0.356374307,764
0.0,61,0,4166.0,11,0,0,0,0.0,0.0,0.081113511,712
0.0,52,0,5000.0,5,0,1,0,1.0,0.100445414,0.183563287,753
0.0,61,0,5800.0,11,0,3,0,1.0,0.021300568,0.850198242,683
0.0,83,0,2018.0,1,0,0,1,0.0,0.262288737,0.029717682,683
0.0,25,0,4250.0,5,0,0,0,0.0,0.626197817,0.121383204,667
0.0,66,0,2000.0,3,0,0,0,0.0,0.016542385,0.007996002,765
0.0,67,0,4500.0,10,0,3,0,1.0,0.053783202,0.467451677,693
0.0,45,1,5700.0,10,0,1,1,0.0,0.830927063,0.388528328,699
0.0,50,0,7516.0,17,0,1,0,2.0,0.321512584,0.554343488,752
0.0,41,0,7000.0,16,0,1,0,1.0,0.258405608,0.226681903,742
0.0,49,1,10566.0,7,0,2,0,0.0,0.286814484,0.248414877,666
0.0,51,0,7300.0,23,0,1,0,1.0,0.422858656,0.424873305,714
0.0,51,0,3900.0,4,0,0,0,0.0,0.060342215,0.022814663,692
0.0,52,0,3000.0,6,0,1,0,0.0,0.504366376,0.652115961,671
0.0,78,0,7916.0,6,0,1,0,0.0,0.004363254,0.067828723,736
0.0,56,2,14000.0,15,0,1,1,1.0,0.081020804,0.317548747,700
0.0,55,0,8800.0,18,0,3,0,2.0,0.1847317839999999,0.836268606,766
0.0,49,0,1200.0,11,0,0,0,0.0,0.0159745419999999,0.037468776,757
0.0,67,0,4800.0,9,0,1,0,0.0,0.08625688,0.365132264,684
0.0,36,0,8102.0,8,0,1,0,1.0,0.1320181319999999,0.091941256,672
0.0,85,1,4300.0,11,0,0,0,0.0,0.0,0.0957916759999999,748
0.0,58,0,4523.0,3,0,1,0,0.0,0.276641145,0.291114058,706
0.0,56,1,7083.0,13,0,2,0,1.0,0.1096796709999999,0.269339356,670
0.0,78,0,10500.0,13,0,0,0,0.0,0.001234025,0.000476145,765
0.0,67,0,17800.0,10,0,1,0,1.0,0.0247800129999999,0.113252064,729
0.0,61,0,19000.0,4,0,1,0,1.0,0.055220995,0.920530498,666
0.0,73,0,8939.0,7,0,1,0,0.0,0.114264882,0.4180089489999999,681
0.0,41,0,6179.0,12,0,2,0,0.0,0.264210583,0.502265372,669
0.0,62,0,15500.0,6,0,2,0,1.0,0.029239415,0.1841171539999999,682
0.0,56,0,6250.0,11,0,1,0,2.0,0.661934491,0.411614142,728
0.0,36,0,5000.0,8,0,1,0,1.0,0.148118836,0.342131574,752
0.0,48,0,3750.0,4,0,0,0,0.0,0.684664772,0.0517195409999999,752
0.0,67,0,2500.0,7,0,0,0,0.0,0.06058819,0.027988804,760
0.0,63,0,4000.0,5,0,0,0,2.0,0.1696830319999999,0.012496876,681
0.0,60,1,7233.0,14,0,1,0,1.0,0.6903462359999999,0.359828587,760
0.0,57,0,4800.0,6,0,1,0,0.0,0.188878236,0.194126224,712
0.0,57,4,3666.0,10,1,2,0,0.0,0.567175233,0.7540223620000001,669
0.0,49,0,21000.0,9,0,2,0,2.0,0.0,0.372744155,692
0.0,60,0,5268.0,6,0,1,0,0.0,0.4127717429999999,0.435376732,746
0.0,49,0,7916.0,7,0,1,0,1.0,0.9999999,0.481748137,756
0.0,56,0,9206.0,16,0,1,0,0.0,0.0,0.272944499,725
0.0,56,0,4000.0,3,0,1,0,0.0,0.144785634,0.419395151,686
0.0,46,0,11504.0,6,0,2,0,1.0,0.370587415,0.230682312,676
0.0,39,0,3650.0,10,0,2,0,0.0,0.028332389,0.711038072,731
0.0,47,1,6047.0,13,0,1,0,3.0,0.1681054069999999,0.676256614,714
0.0,42,0,3279.0,7,0,0,0,0.0,0.033368373,0.155487805,673
0.0,63,0,11600.0,11,0,1,0,1.0,0.119247019,0.169899147,707
0.0,72,0,4300.0,6,0,0,0,0.0,0.257345074,0.241106719,736
0.0,48,1,1900.0,7,0,0,0,3.0,0.530933333,0.296685955,733
0.0,87,0,2056.0,7,0,0,0,0.0,0.011075825,0.007778318,673
0.0,67,0,3833.0,5,0,0,0,0.0,0.026069464,0.017214397,737
0.0,54,0,7262.0,18,0,3,0,1.0,0.03465099,0.8796640509999999,678
0.0,44,0,4800.0,11,0,2,0,0.0,0.0,0.51697563,751
0.0,74,0,3885.0,7,0,1,0,0.0,0.025549434,0.15748842,748
0.0,49,0,4833.0,14,0,1,0,0.0,0.245210659,0.371121225,676
0.0,47,0,8750.0,8,0,2,0,3.0,0.066188555,0.159067535,708
0.0,57,3,4595.0,12,0,1,0,0.0,0.11348841,0.278285466,703
0.0,36,0,6200.0,4,0,1,0,0.0,0.040393674,0.193033382,747
0.0,90,1,3000.0,8,0,0,0,0.0,0.205574913,0.130956348,673
0.0,51,0,4300.0,8,0,1,0,1.0,0.078204554,0.569634969,755
0.0,37,0,5061.0,4,0,0,1,0.0,0.9999999,0.271236665,682
0.0,70,0,5500.0,5,0,1,0,0.0,0.008302779,0.20269042,675
0.0,43,0,5112.0,11,0,1,0,0.0,0.220765533,0.478779581,753
0.0,79,0,4000.0,8,0,0,0,0.0,0.206953429,0.206698325,681
0.0,65,0,7000.0,6,0,1,0,0.0,0.039485419,0.233109556,674
0.0,51,3,6577.0,6,0,1,0,1.0,0.0,0.2462754639999999,676
0.0,45,0,8566.0,10,0,2,0,2.0,0.483826566,0.3632543479999999,669
0.0,41,0,9298.0,10,0,2,0,1.0,0.209377745,0.381008711,741
0.0,33,0,10000.0,15,0,2,0,0.0,0.450920901,0.394960504,709
0.0,56,0,9000.0,7,0,1,0,0.0,0.11211435,0.249194534,663
0.0,62,0,7461.0,15,1,0,0,0.0,0.0301579129999999,0.109756098,752
0.0,50,0,7800.0,4,0,2,0,2.0,0.240087996,0.4775028839999999,699
0.0,54,0,8170.0,6,0,1,0,2.0,0.045045045,0.257740791,726
0.0,78,0,5000.0,6,0,1,0,0.0,0.048801493,0.229554089,759
0.0,58,0,5416.0,9,0,2,0,1.0,0.069607595,0.558427174,722
0.0,62,0,12378.0,9,0,1,0,0.0,0.272118617,0.229501575,700
0.0,52,0,2500.0,3,0,1,0,1.0,0.0,0.227508996,686
0.0,51,0,7333.0,16,0,2,0,0.0,0.158971961,0.730024543,730
0.0,58,0,5991.0,24,0,2,0,0.0,0.001804492,0.303571429,728
0.0,66,0,1400.0,7,0,0,0,0.0,0.003344153,0.234832263,704
0.0,77,0,11000.0,7,0,1,0,1.0,0.032750617,0.202617944,744
0.0,62,0,8250.0,8,0,1,0,2.0,0.1433435569999999,0.204338868,741
0.0,68,0,3333.0,13,0,2,0,0.0,0.214185601,0.420215957,659
0.0,34,0,3500.0,4,0,0,0,0.0,0.001650325,0.0,675
0.0,71,0,4000.0,10,0,0,0,0.0,0.017999581,0.005498625,695
0.0,30,0,2400.0,5,0,0,0,0.0,0.251497006,0.211995002,702
0.0,31,0,5833.0,7,0,1,0,0.0,0.292064358,0.281282139,767
0.0,51,0,3866.0,1,0,0,0,3.0,0.9999999,0.1528316519999999,710
0.0,35,0,8700.0,4,0,2,0,0.0,0.9999999,0.259510401,734
0.0,48,0,3761.0,4,0,0,0,1.0,0.0,0.259968102,755
0.0,44,1,9436.0,12,0,0,0,4.0,0.577035843,0.128218714,722
0.0,48,0,5450.0,16,0,2,0,1.0,0.078785118,0.3393872679999999,668
0.0,82,0,3500.0,3,0,0,0,0.0,0.0585267409999999,0.107683519,672
0.0,55,1,5833.0,4,0,0,1,0.0,0.810021588,0.1354130959999999,722
0.0,33,0,4591.0,4,0,1,0,3.0,0.469506099,0.306620209,720
0.0,69,0,12000.0,3,0,0,0,1.0,0.038149046,0.004749604,719
0.0,60,0,6640.0,3,0,1,0,0.0,0.0165708369999999,0.246800181,763
0.0,69,0,8354.0,3,0,0,0,0.0,0.100372953,0.006582885,750
0.0,41,0,7000.0,8,0,2,0,3.0,0.133290065,0.500928439,727
0.0,79,1,1713.0,9,0,2,0,0.0,0.1753477839999999,0.330221704,744
0.0,63,0,8334.0,12,0,2,0,0.0,0.20966509,1.692261548,677
0.0,61,0,2781.0,3,0,0,0,0.0,0.012430574,0.043134436,673
0.0,60,0,7065.0,4,0,2,0,1.0,0.0,0.160769884,677
0.0,43,0,11000.0,7,0,2,0,0.0,0.241076757,0.257794746,669
0.0,65,0,10500.0,14,0,1,0,0.0,0.065513927,0.064184363,749
0.0,46,0,10400.0,4,0,0,0,2.0,0.093290925,0.023170849,683
0.0,36,0,3308.0,6,0,0,0,1.0,0.251080575,0.169839831,684
0.0,62,0,6000.0,6,0,2,0,0.0,0.0,0.497583736,670
0.0,64,0,3675.0,13,0,0,0,1.0,0.47526977,0.37078346,737
0.0,54,0,2210.0,3,0,0,0,0.0,0.9999999,0.18272275,698
0.0,45,0,16667.0,7,0,1,0,4.0,0.054779597,0.173026158,748
0.0,72,0,5076.0,3,0,1,0,0.0,0.023189372,0.278313965,729
0.0,68,0,3178.0,13,0,1,0,0.0,0.00867811,0.311104121,696
0.0,47,0,8335.0,4,0,1,0,0.0,0.0955561259999999,0.25299904,748
0.0,67,0,7133.0,7,0,3,0,0.0,1.0,0.464115503,764
0.0,49,0,10800.0,12,0,1,0,1.0,0.823424205,0.306453106,723
0.0,52,0,6000.0,10,0,1,0,0.0,0.020098995,0.319613398,719
0.0,30,0,1800.0,6,0,1,0,0.0,0.154745208,0.90283176,732
0.0,39,1,4100.0,13,0,1,0,0.0,0.056150967,0.233601561,677
0.0,57,0,6166.0,3,0,0,0,1.0,0.01379908,0.00097292,758
0.0,52,0,15833.0,13,0,3,0,2.0,0.001679481,0.326449413,710
0.0,46,1,6100.0,14,0,1,0,1.0,0.059809229,0.305359777,683
0.0,51,0,13200.0,12,0,1,0,2.0,0.245380247,0.151579426,661
0.0,44,0,7520.0,10,0,2,0,2.0,0.1175887869999999,0.2479723439999999,753
0.0,39,0,2500.0,4,0,0,0,0.0,0.9999999,0.241103559,745
0.0,43,0,8600.0,9,0,2,0,1.0,0.263867251,0.376932915,758
0.0,73,0,5000.0,2,0,0,0,2.0,0.9999999,0.153169366,706
0.0,59,0,6500.0,17,0,2,0,1.0,0.013275886,0.126903553,686
0.0,48,0,5921.0,13,0,2,0,3.0,0.092883729,0.427051672,674
0.0,41,0,13700.0,14,0,2,0,1.0,0.487349163,0.277352018,702
0.0,26,0,2500.0,3,0,2,0,0.0,0.010089985,1.4310275890000002,712
0.0,50,0,7400.0,14,0,2,0,1.0,0.291030882,0.312795568,720
0.0,35,2,2639.0,10,0,2,0,2.0,0.241012056,1.257575758,731
0.0,84,0,3500.0,3,0,1,0,0.0,0.029931338,0.202513568,747
0.0,61,0,5600.0,9,0,2,0,0.0,0.052104432,0.433851098,710
0.0,42,0,4400.0,7,0,1,0,0.0,0.675743795,0.327880027,698
0.0,41,0,9166.0,7,0,1,0,2.0,0.015571336,0.143449329,734
0.0,50,0,4416.0,12,0,4,0,2.0,0.224123262,0.8587276429999999,659
0.0,68,0,4300.0,15,0,2,0,0.0,0.232633891,0.531039293,680
0.0,53,1,10200.0,8,0,1,0,1.0,0.3366058179999999,0.175374963,687
0.0,61,0,8500.0,6,0,1,0,1.0,0.5604349820000001,0.194565345,762
0.0,58,0,9534.0,17,0,3,0,1.0,0.083442514,0.336864185,670
0.0,79,0,6000.0,4,0,0,0,0.0,0.106879209,0.018163639,696
0.0,52,0,8050.0,7,0,1,0,2.0,0.235708251,0.289529251,734
0.0,72,0,17916.0,6,0,0,0,0.0,0.047358106,0.001953452,685
0.0,60,0,2527.0,9,0,1,0,0.0,0.723230763,0.859968354,674
0.0,39,0,7500.0,8,0,0,0,0.0,0.228650243,0.3914144779999999,751
0.0,39,1,2500.0,8,0,1,0,0.0,0.083983402,0.930827669,665
0.0,53,2,4500.0,9,2,1,1,0.0,0.10142604,0.461230838,755
0.0,62,0,8850.0,1,0,0,0,2.0,0.054378667,0.006665913,727
0.0,45,0,6089.0,5,0,0,0,0.0,0.081478464,0.066009852,757
0.0,38,0,3200.0,5,0,1,0,2.0,0.838949033,0.300843486,687
0.0,47,0,8014.0,13,0,2,0,0.0,0.45606057,0.379164067,746
0.0,57,0,8286.0,15,0,1,0,1.0,0.448114111,0.325932183,746
0.0,47,0,9094.0,10,0,2,0,0.0,0.249873497,0.340186916,695
0.0,40,0,9166.0,6,0,2,0,3.0,0.98763223,0.467873895,669
0.0,55,1,8300.0,7,0,1,0,1.0,0.036375383,0.321286592,667
0.0,51,0,7276.0,6,0,0,0,1.0,0.0,0.051532225,725
0.0,35,0,6844.0,5,0,0,0,2.0,1.694922031,0.0185536889999999,670
0.0,64,0,1666.0,6,0,0,0,0.0,0.116570886,0.118176365,749
0.0,37,0,5237.0,18,0,3,0,2.0,0.895921003,0.926880489,764
0.0,62,0,10000.0,10,0,4,0,0.0,0.101853045,0.349265073,689
0.0,41,0,2478.0,3,1,0,0,2.0,0.97010299,0.281968536,678
0.0,43,0,26500.0,4,0,1,0,3.0,0.070353992,0.231085619,670
0.0,43,0,12900.0,12,0,1,0,3.0,0.019433433,0.172389737,682
0.0,45,0,4956.0,12,0,1,0,1.0,0.608497589,0.492636675,727
0.0,27,0,7400.0,16,0,0,0,0.0,0.132341446,0.063640049,755
0.0,71,0,3500.0,13,0,0,0,0.0,0.021371884,0.069980006,733
0.0,54,0,3166.0,14,0,2,0,1.0,0.416761005,0.147900221,722
0.0,46,0,5700.0,6,0,0,0,1.0,0.0,0.0,701
0.0,77,0,4244.0,11,0,1,0,0.0,0.6322591120000001,0.474204947,673
0.0,60,0,7010.0,28,0,1,0,0.0,0.031932277,0.218371131,726
0.0,43,2,4500.0,8,0,0,0,0.0,0.348403685,0.261053099,676
0.0,37,0,5291.0,3,0,0,0,0.0,0.022239555,0.006235828,747
0.0,40,0,4800.0,4,0,2,0,0.0,0.9999999,0.776921475,668
0.0,27,0,2200.0,1,0,0,0,1.0,0.564870259,0.0036347109999999,696
0.0,66,0,8013.0,12,0,3,0,0.0,0.040555398,0.316571001,681
0.0,53,0,12000.0,12,0,5,0,1.0,0.130386961,0.565036247,741
0.0,57,0,5000.0,3,0,0,0,0.0,0.0,0.0,679
0.0,72,1,6666.0,9,0,3,0,0.0,0.851850364,0.624418779,673
0.0,34,0,4833.0,5,0,0,0,2.0,0.212757449,0.1067438969999999,659
0.0,32,1,8000.0,9,0,0,0,2.0,0.54605601,0.285089364,745
0.0,49,0,1800.0,3,0,0,0,0.0,0.009776691,0.105496946,719
0.0,77,0,5000.0,15,0,0,0,0.0,0.0004310309999999,0.00759848,704
0.0,55,0,4100.0,2,0,1,0,0.0,0.0,0.27383565,702
0.0,33,0,7691.0,12,0,2,0,3.0,0.120014285,0.331643266,728
0.0,27,1,3000.0,6,0,0,0,0.0,0.01429857,0.26691103,688
0.0,46,0,11425.0,6,0,1,0,1.0,0.057730591,0.207684229,731
0.0,35,0,2500.0,3,0,0,0,0.0,0.787442511,0.3386645339999999,683
0.0,42,0,5500.0,21,0,1,0,1.0,0.373154281,0.540992547,693
0.0,66,0,5146.0,5,0,2,0,0.0,0.9999999,0.462405285,672
0.0,71,0,2047.0,12,0,1,0,0.0,0.419980639,0.46875,682
0.0,45,0,5200.0,7,0,0,0,0.0,0.2662872089999999,0.025956547,694
0.0,52,0,1733.0,4,0,0,0,0.0,0.0620987259999999,0.261245675,742
0.0,28,0,4000.0,3,0,1,0,2.0,0.2006309819999999,0.503374156,704
0.0,46,0,10250.0,24,0,2,0,1.0,0.087201364,0.374890255,746
0.0,36,0,7200.0,9,0,1,0,2.0,0.204478806,0.307596167,733
0.0,25,0,2000.0,2,0,0,0,0.0,0.9999999,0.145427286,676
0.0,31,0,3400.0,7,0,0,0,1.0,0.0546997459999999,0.134078212,691
0.0,64,0,12800.0,12,0,2,0,0.0,0.117152044,0.318490743,744
0.0,40,0,7498.0,10,0,1,0,0.0,0.695890745,0.301506868,757
0.0,55,0,5275.0,15,0,3,0,2.0,0.209866866,0.658263836,747
0.0,43,0,20000.0,22,0,2,0,2.0,0.767386426,0.331383431,740
0.0,75,0,10500.0,8,0,3,0,0.0,0.008618025,0.2449290539999999,715
0.0,49,2,5500.0,6,6,0,0,0.0,0.014604811,0.04253772,752
0.0,59,0,6367.0,8,0,0,0,1.0,0.023058267,0.2003768839999999,666
0.0,45,0,4833.0,10,0,1,0,2.0,0.102465487,0.533719487,704
0.0,26,0,1530.0,9,0,0,0,0.0,0.028848558,0.011103854,686
0.0,67,0,6700.0,9,0,0,0,1.0,0.433862645,0.129234443,742
0.0,63,0,8000.0,11,0,2,0,1.0,0.007681469,0.452568429,736
0.0,83,0,7800.0,11,0,1,0,0.0,0.127406642,0.241763876,662
0.0,51,0,4000.0,5,0,1,0,3.0,0.01418632,0.139965009,727
0.0,52,0,8570.0,26,0,1,0,1.0,0.07074434,0.503091821,670
0.0,77,0,5999.0,5,0,0,0,0.0,0.026677245,0.008,757
0.0,47,0,8000.0,14,0,2,0,3.0,0.029002305,0.50743657,670
0.0,40,1,2215.0,7,0,1,0,0.0,0.588638789,0.82400722,754
0.0,53,0,5741.0,8,0,1,0,1.0,0.406755979,0.310344828,687
0.0,65,0,8500.0,10,0,2,0,2.0,0.775293873,0.5971062229999999,696
0.0,59,0,10000.0,16,0,2,0,1.0,0.303260465,0.333566643,690
0.0,56,0,5570.0,4,0,0,0,0.0,0.155605549,0.140369772,741
0.0,56,0,2997.0,17,0,2,0,2.0,0.144062952,0.68712475,736
0.0,43,0,8084.0,3,0,1,0,3.0,0.9999999,0.177489177,750
0.0,46,0,5500.0,3,0,0,0,1.0,0.9999999,0.043083076,750
0.0,88,0,3413.0,1,0,0,0,0.0,0.024099197,0.0061511419999999,665
0.0,39,0,8326.0,11,0,0,0,3.0,0.2328336489999999,0.250990753,719
0.0,70,1,2756.0,6,5,0,0,0.0,0.342003452,0.489299964,696
0.0,49,0,3000.0,11,0,1,0,0.0,0.007702633,0.437520826,726
0.0,55,0,6828.0,5,0,2,0,0.0,0.0422296859999999,0.198125641,746
0.0,85,0,5200.0,3,0,0,0,0.0,0.052949084,0.009228994,706
0.0,71,0,9167.0,4,0,2,0,0.0,0.9999999,0.4694589879999999,727
0.0,65,0,5366.0,3,0,0,0,1.0,0.012150211,0.00242221,703
0.0,45,0,8744.0,16,0,1,0,0.0,0.7253671079999999,0.609262436,688
0.0,50,0,9000.0,8,0,0,1,1.0,0.351798886,0.147428064,672
0.0,55,0,2855.0,13,0,2,0,0.0,0.256707778,0.929271709,698
0.0,37,0,4400.0,4,1,0,2,2.0,1.641196013,0.119063849,685
0.0,31,0,2882.0,10,0,0,0,1.0,0.626209978,0.253208463,701
0.0,53,1,5100.0,12,0,1,0,2.0,0.118171664,0.525975299,677
0.0,69,0,11050.0,15,0,2,0,0.0,0.423841852,0.479685096,756
0.0,31,0,2600.0,5,0,0,0,0.0,0.070815198,0.058054594,732
0.0,47,0,8700.0,10,0,3,0,1.0,0.780851506,0.7535915409999999,681
0.0,73,0,8587.0,10,0,2,0,0.0,0.560435989,0.63553796,756
0.0,46,0,2400.0,13,0,2,0,1.0,0.255906296,0.917950854,759
0.0,47,0,9500.0,10,0,2,0,2.0,0.094470953,0.345226818,722
0.0,53,0,9041.0,5,0,1,0,2.0,0.824745017,0.2355673519999999,723
0.0,31,0,8000.0,6,0,0,0,0.0,0.119336311,0.090988626,694
0.0,62,0,4185.0,18,0,1,0,0.0,0.10910359,0.51242236,692
0.0,59,0,3100.0,9,0,0,2,0.0,0.539908529,0.58400516,757
0.0,54,0,3000.0,9,0,1,0,1.0,0.023085036,0.495168277,681
0.0,32,0,3338.0,14,0,0,0,0.0,0.639063773,0.284216831,700
0.0,56,0,4967.0,14,0,1,0,0.0,0.0,0.349235105,730
0.0,74,0,4067.0,6,0,0,0,0.0,0.014586247,0.007620452,674
0.0,72,0,2374.0,4,0,0,0,0.0,0.4158822379999999,0.194526316,699
0.0,68,1,8346.0,4,0,1,0,0.0,0.999945566,0.277824368,703
0.0,32,0,3000.0,7,0,0,0,0.0,0.083455119,0.284571809,730
0.0,68,0,3000.0,9,0,0,0,0.0,0.106453899,0.043318894,659
0.0,46,2,6800.0,17,0,2,0,1.0,0.297349228,0.398176739,708
0.0,57,0,3750.0,5,0,1,0,2.0,0.1512949569999999,0.487070115,757
0.0,46,0,13500.0,13,0,2,0,1.0,0.00201,0.2313161989999999,739
0.0,51,0,8000.0,11,0,2,0,2.0,0.233754608,0.306336708,725
0.0,60,0,10716.0,4,0,1,0,0.0,0.1105484869999999,0.198563031,738
0.0,46,0,2302.0,6,0,2,0,2.0,0.040326547,1.090316978,725
0.0,45,0,6541.0,14,0,3,0,0.0,0.262035494,1.162335677,707
0.0,60,0,4566.0,7,0,1,0,0.0,0.01003273,0.41318152,693
0.0,71,0,6450.0,6,0,1,0,0.0,0.0568269479999999,0.2584095489999999,707
0.0,26,0,31250.0,18,0,0,0,0.0,0.001254838,0.014527535,754
0.0,32,0,3466.0,8,0,1,0,0.0,0.458882512,0.6807037779999999,703
0.0,48,1,4226.0,4,0,1,0,0.0,0.5618978370000001,0.446415898,727
0.0,45,0,21666.0,14,0,2,0,5.0,0.379224831,0.244242396,706
0.0,32,1,6800.0,9,0,1,0,1.0,0.68333046,0.307454786,686
0.0,56,1,20000.0,11,0,4,0,0.0,0.10521156,0.362881856,716
0.0,77,0,5000.0,14,0,0,0,0.0,0.014515248,0.013997201,734
0.0,64,0,4700.0,16,0,2,0,0.0,0.052595968,0.534354393,682
0.0,27,0,2444.0,5,0,0,0,0.0,0.773203153,0.128425358,667
0.0,38,1,3606.0,6,3,0,1,1.0,0.7389460929999999,0.098696978,695
0.0,48,1,3900.0,0,1,0,1,2.0,0.9999999,0.003845168,697
0.0,45,0,1700.0,10,0,1,0,1.0,0.031410468,0.8195179309999999,708
0.0,66,0,6000.0,3,0,0,0,0.0,0.002288418,0.000499917,683
0.0,46,0,6725.0,9,0,2,0,0.0,0.021834507,0.3542967589999999,671
0.0,38,0,10785.0,4,0,1,0,1.0,0.0427910959999999,0.21611348,683
0.0,56,0,3953.0,4,0,0,0,1.0,0.121798321,0.27364694,675
0.0,38,1,2600.0,11,0,1,0,5.0,0.3515546879999999,1.250288351,759
0.0,37,0,3666.0,11,0,0,0,1.0,0.454674087,0.133624216,677
0.0,49,0,7288.0,11,0,2,0,1.0,0.289912474,0.335574153,728
0.0,47,0,11583.0,9,0,1,0,3.0,0.088424989,0.314485497,672
0.0,65,0,10791.0,7,0,0,0,1.0,0.019944223,0.0323387689999999,678
0.0,92,0,20000.0,2,0,0,0,0.0,0.183373647,0.016899155,670
0.0,81,0,4300.0,4,0,0,0,0.0,0.019490255,0.0453382929999999,750
0.0,36,0,4879.0,7,0,0,0,2.0,0.181553751,0.266393443,694
0.0,72,0,3000.0,4,0,1,0,0.0,0.354881706,0.298233922,726
0.0,49,1,7533.0,6,0,2,0,0.0,0.598322383,0.406291479,756
0.0,51,0,10000.0,11,0,1,0,0.0,0.294514511,0.1474852509999999,662
0.0,35,1,5833.0,4,0,0,0,2.0,0.2442536689999999,0.088789853,705
0.0,65,0,2858.0,17,0,1,0,0.0,0.158678326,0.463798531,758
0.0,43,0,4000.0,4,0,1,0,0.0,0.1023543309999999,0.364658835,756
0.0,51,0,5737.0,23,0,1,0,0.0,0.433390166,0.428720809,740
1.0,34,2,3000.0,9,0,0,0,0.0,0.7853602909999999,0.617794069,735
1.0,48,2,8750.0,9,1,3,0,2.0,0.487358949,0.49331505,695
1.0,29,1,1648.0,7,0,0,0,1.0,1.098901099,0.614311704,720
1.0,56,0,1100.0,2,2,0,1,3.0,0.8375812090000001,0.0572207079999999,704
1.0,59,0,2900.0,3,0,1,1,1.0,1.037481259,0.345742847,760
1.0,33,0,3350.0,6,1,1,0,2.0,0.855381539,0.489704566,771
1.0,49,0,5284.0,5,1,1,0,2.0,0.902013998,0.5256386,661
1.0,60,1,12500.0,8,0,2,0,0.0,0.014523118,0.23838093,688
1.0,44,0,16000.0,30,0,4,0,1.0,0.6246144060000001,0.689144428,768
1.0,47,0,9342.0,6,0,0,0,2.0,0.832933653,0.195012309,710
1.0,47,1,11205.0,11,2,3,0,0.0,0.1188452909999999,0.263787257,747
1.0,45,1,5200.0,3,0,0,0,4.0,0.975062344,0.143433955,716
1.0,39,0,3500.0,11,0,2,0,2.0,1.035152827,0.9711511,714
1.0,36,2,5691.0,7,0,2,0,2.0,0.815488093,0.632642305,712
1.0,40,0,6802.0,8,0,0,1,5.0,0.595641733,0.072909011,765
1.0,47,1,8450.0,10,0,2,0,0.0,0.678424978,0.620163294,677
1.0,37,1,2500.0,2,4,0,0,1.0,0.9999999,0.136345462,744
1.0,32,0,1750.0,5,0,1,2,1.0,0.965172471,0.764705882,703
1.0,46,3,7300.0,8,1,0,1,1.0,0.96850178,0.04287084,771
1.0,54,1,3026.0,8,0,0,1,1.0,0.5070719029999999,0.268913115,739
1.0,47,0,5000.0,14,0,2,0,0.0,0.1698001039999999,0.615676865,679
1.0,44,0,10184.0,0,0,0,0,2.0,0.9999999,0.007756505,659
1.0,26,2,2032.0,6,0,0,1,0.0,1.249405045,0.215937039,693
1.0,23,0,8500.0,12,0,0,0,0.0,0.8492714579999999,0.077990825,758
1.0,48,4,8830.0,16,3,1,2,1.0,0.016627345,0.5292718829999999,708
1.0,36,0,6188.0,11,0,2,1,2.0,0.511912485,0.690903215,686
1.0,27,0,8000.0,6,0,0,1,0.0,0.117239155,0.025371829,735
1.0,49,1,7083.0,11,1,1,1,0.0,0.851423083,0.419678148,766
1.0,56,0,2357.0,6,1,1,0,0.0,0.100419958,0.766327396,768
1.0,56,0,8491.0,18,0,0,0,0.0,0.035042113,0.09597268,758
1.0,41,0,7570.0,7,0,2,1,0.0,0.11540755,0.321886144,677
1.0,50,0,5417.0,15,0,5,0,0.0,0.877078578,1.326504245,731
1.0,38,4,11666.0,9,0,2,2,3.0,1.079904433,0.374303591,663
1.0,63,4,4683.0,10,0,1,1,3.0,1.013986708,0.464346712,732
1.0,57,4,3333.0,6,0,1,2,1.0,0.899337927,0.332033593,715
1.0,40,1,6000.0,9,0,1,0,0.0,0.316947175,0.211964673,740
1.0,39,1,3083.0,22,0,2,0,0.0,0.109538131,0.334954604,714
1.0,55,0,12833.0,9,0,2,0,0.0,0.7186573820000001,0.705937354,710
1.0,43,0,3750.0,8,0,1,0,0.0,0.9999999,0.779792055,670
1.0,49,1,3683.0,5,0,1,0,0.0,0.100554939,0.376221498,773
1.0,85,0,3566.0,3,0,0,1,0.0,0.139643044,0.020185029,766
1.0,39,2,9325.0,18,0,3,0,2.0,0.288878763,0.4833797979999999,712
1.0,65,0,1889.0,6,0,1,0,0.0,0.064123591,0.446031746,725
1.0,58,0,7906.0,15,0,2,0,0.0,0.46391317,0.7268243329999999,761
1.0,54,0,14166.0,21,0,6,0,3.0,0.702381432,0.866732547,665
1.0,31,1,2000.0,2,4,0,1,1.0,0.952123742,0.192903548,692
1.0,59,0,5062.0,6,0,1,0,0.0,0.75443713,0.278095991,692
1.0,44,0,7500.0,20,0,4,0,5.0,0.6911913120000001,0.72510332,708
1.0,49,1,12000.0,12,0,1,0,5.0,0.991144122,0.455295392,718
1.0,30,0,4583.0,3,0,0,0,5.0,1.015074604,0.136561955,659
1.0,33,3,4300.0,3,1,0,0,0.0,0.495252374,0.132759823,691
1.0,53,1,3683.0,9,1,1,0,0.0,0.631376211,0.86970684,700
1.0,46,0,5000.0,8,0,0,0,0.0,0.34706665,0.25394921,758
1.0,43,0,3958.0,1,9,0,0,1.0,1.320453031,0.1970194489999999,669
1.0,32,3,6000.0,11,1,1,0,4.0,0.920696812,0.549408432,771
1.0,56,0,1685.0,2,0,0,0,0.0,0.9999999,0.15480427,678
1.0,32,0,1372.0,2,2,0,1,0.0,0.9999999,0.083029862,705
1.0,55,0,6560.0,21,0,2,0,1.0,0.7999137609999999,0.685566225,737
1.0,28,0,1842.0,6,0,0,2,2.0,1.063670412,0.1958762889999999,714
1.0,44,1,5100.0,7,0,0,0,4.0,0.96424589,0.322289747,744
1.0,38,1,8500.0,7,1,4,0,0.0,0.04169583,0.471473944,667
1.0,44,1,5197.0,8,0,2,2,3.0,0.145073324,0.685263563,746
1.0,46,0,6100.0,18,0,2,0,1.0,0.037910913,0.458285527,761
1.0,62,0,250000.0,15,0,2,0,0.0,0.375782832,0.022711909,745
1.0,32,1,1200.0,3,0,0,0,1.0,0.9999999,0.532056619,735
1.0,53,0,16000.0,12,0,2,0,2.0,0.186440678,0.402287357,771
1.0,48,0,5899.0,27,0,0,0,1.0,0.390361534,0.243559322,760
1.0,52,0,2800.0,10,0,0,0,0.0,0.880440256,0.8114958940000001,663
1.0,41,1,5500.0,1,0,0,2,0.0,0.9999999,0.0,696
1.0,50,4,4400.0,26,1,3,2,0.0,0.48299672,1.346057714,761
1.0,45,0,7342.0,4,2,0,0,5.0,0.25036339,0.110990059,725
1.0,80,0,4200.0,11,1,4,1,0.0,0.148359141,0.6824565579999999,689
1.0,36,1,2666.0,8,0,0,0,1.0,0.206511046,0.294713161,720
1.0,37,2,8200.0,4,0,1,0,2.0,0.9999999,0.186684551,754
1.0,50,2,5752.0,13,1,2,6,0.0,0.904789851,1.422040674,721
1.0,40,0,6000.0,6,0,0,0,3.0,0.553449836,0.242292951,677
1.0,65,0,7262.0,7,1,1,0,0.0,0.804398534,0.292165772,698
1.0,29,1,2500.0,9,0,0,0,0.0,0.336539195,0.364254298,772
1.0,44,0,4500.0,0,2,0,0,0.0,0.9999999,0.00933126,710
1.0,74,0,3097.0,12,0,3,0,0.0,0.385260442,1.947708199,749
1.0,55,5,6250.0,10,0,0,1,1.0,0.882109687,0.64693649,732
1.0,66,0,12249.0,14,0,2,0,2.0,0.574249405,0.268244898,693
1.0,45,2,4830.0,5,0,0,0,3.0,0.99090294,0.268474436,750
1.0,50,0,3500.0,5,0,1,0,4.0,1.025794841,0.409025993,760
1.0,38,2,5200.0,10,0,1,0,0.0,0.097180092,0.183618535,690
1.0,51,1,3016.0,6,1,0,3,1.0,0.885257895,0.512429566,751
1.0,73,0,9500.0,12,0,1,0,1.0,0.921014296,0.437111883,679
1.0,32,0,6300.0,5,0,0,0,5.0,0.218927024,0.133629583,751
1.0,52,0,4700.0,2,3,0,0,1.0,0.9999999,0.0404169329999999,676
1.0,64,2,5416.0,6,0,2,1,0.0,0.703338392,1.250323057,659
1.0,29,0,3658.0,7,5,0,0,0.0,0.9999999,0.182563542,744
1.0,49,1,3333.0,5,0,1,0,2.0,0.842572062,0.646370726,766
1.0,28,0,2750.0,7,0,0,0,0.0,0.404319136,0.267539077,718
1.0,46,3,4000.0,3,2,0,2,0.0,1.054472764,0.177455636,697
1.0,26,0,5510.0,9,0,0,0,1.0,0.573821582,0.141716567,713
1.0,47,1,9300.0,3,0,0,0,2.0,0.970890914,0.050854747,747
1.0,40,1,4333.0,3,1,1,1,1.0,1.123505976,0.72311952,661
1.0,43,1,10462.0,7,0,0,0,2.0,0.624978817,0.115836758,673
1.0,39,0,6833.0,9,0,1,0,1.0,0.0,0.232806555,665
1.0,28,0,6300.0,0,1,0,0,0.0,0.9999999,0.0,674
1.0,52,0,9000.0,14,0,2,0,3.0,0.117926415,0.248416843,746
1.0,53,5,2500.0,8,0,1,1,2.0,1.026564062,1.253898441,703
1.0,81,5,5975.0,7,0,1,1,0.0,0.727198531,0.273761714,695
1.0,54,0,8200.0,14,0,2,0,0.0,0.0,0.3604438479999999,733
1.0,59,1,4916.0,16,0,4,0,3.0,0.76139226,1.195444377,686
1.0,29,4,3500.0,11,2,1,0,1.0,1.051749485,0.91145387,736
1.0,56,0,8391.0,8,0,3,0,2.0,0.647445749,0.7890848429999999,719
1.0,43,0,5100.0,10,0,0,0,0.0,0.382022472,0.029405999,694
1.0,42,3,1700.0,5,2,1,0,2.0,0.9999999,0.710758377,696
1.0,60,0,12500.0,5,0,1,0,1.0,0.302587177,0.2830973519999999,715
1.0,50,0,2000.0,2,3,0,0,0.0,0.9999999,0.31934033,692
1.0,56,0,6249.0,11,0,2,0,3.0,0.7442030629999999,0.68304,754
1.0,40,0,4000.0,19,0,2,0,3.0,0.361190717,0.772556861,764
1.0,44,0,6600.0,5,1,0,1,1.0,0.550898204,0.075291622,689
1.0,63,1,2539.0,8,0,0,0,0.0,0.971751412,0.600393701,700
1.0,64,1,3333.0,3,1,1,0,0.0,0.102994012,0.23965207,765
1.0,43,0,2700.0,4,0,0,0,1.0,1.006662225,0.166234728,660
1.0,42,0,8916.0,5,1,2,0,1.0,0.0462733059999999,0.313894808,767
1.0,48,0,9500.0,9,0,2,0,2.0,0.810911211,0.804020629,702
1.0,42,2,7583.0,5,0,1,0,2.0,0.237359779,0.4108649789999999,670
1.0,35,1,6084.0,11,1,1,1,3.0,0.786220687,0.3743631879999999,699
1.0,40,2,5600.0,12,0,1,0,0.0,0.884452165,0.93304767,688
1.0,52,1,5750.0,18,0,0,0,0.0,0.078366845,0.06885759,733
1.0,41,2,12645.0,2,3,0,1,1.0,0.9999999,0.078839159,759
1.0,70,2,3800.0,7,1,1,0,0.0,0.811349054,0.429097606,674
1.0,52,0,7166.0,14,0,1,0,0.0,0.83978373,0.3771452489999999,663
1.0,41,4,3500.0,6,0,0,2,3.0,0.9999999,0.515566981,686
1.0,39,0,11320.0,14,0,5,0,5.0,0.061226905,0.432293967,704
1.0,30,1,4400.0,3,1,0,0,1.0,0.9999999,0.042263122,681
1.0,49,1,5133.0,11,1,0,0,2.0,0.415536529,0.2125048689999999,729
1.0,31,0,4500.0,13,0,1,0,2.0,0.87995233,1.009553433,767
1.0,30,0,2700.0,0,0,0,0,0.0,0.9999999,0.0,748
1.0,59,2,28000.0,25,0,9,1,0.0,0.8833752020000001,0.98967894,744
1.0,29,0,2000.0,10,1,0,0,0.0,0.114915428,0.1954022989999999,738
1.0,36,1,6800.0,10,1,0,3,3.0,0.834839454,0.212615792,727
1.0,49,0,4350.0,3,1,0,0,0.0,0.93344426,0.147322455,679
1.0,33,2,4420.0,6,6,0,3,0.0,0.439446367,0.142954083,699
1.0,37,2,5400.0,12,0,2,0,3.0,0.7174874990000001,0.7343084609999999,756
1.0,52,3,6933.0,12,0,0,0,2.0,0.941325084,0.344534179,758
1.0,43,1,14216.0,11,0,4,0,2.0,0.7966732470000001,0.642470282,695
1.0,39,0,5200.0,0,2,0,0,1.0,0.9999999,0.0,720
1.0,39,3,3330.0,7,4,1,0,2.0,0.9999999,0.982287601,758
1.0,36,0,2537.0,9,2,0,0,1.0,0.101265823,0.227738377,688
1.0,51,0,2050.0,3,0,0,0,0.0,0.9999999,0.306192101,747
1.0,32,0,2100.0,0,0,0,0,4.0,0.9999999,0.0,763
1.0,49,1,2800.0,8,0,1,0,2.0,0.698784229,0.610853267,763
1.0,73,1,4374.0,9,2,2,0,0.0,0.8202574890000001,0.588342857,698
1.0,38,0,15800.0,18,0,3,0,1.0,0.611637937,0.739700019,682
1.0,58,3,10000.0,10,0,2,0,1.0,0.846418883,0.392260774,671
1.0,37,1,3076.0,4,1,0,0,0.0,0.8939005640000001,0.096197595,677
1.0,53,1,6200.0,9,2,1,0,1.0,0.684564572,0.284792775,708
1.0,51,3,4280.0,6,2,0,1,1.0,0.506264104,0.283345013,686
1.0,41,0,7200.0,3,0,0,0,3.0,0.953261685,0.137064297,680
1.0,44,0,6250.0,10,0,1,0,3.0,0.055040682,0.348424252,672
1.0,74,0,1500.0,0,3,0,0,0.0,0.9999999,0.006662225,694
1.0,58,2,1200.0,7,3,0,0,0.0,0.0,1.501248959,710
1.0,64,2,3800.0,9,1,2,0,0.0,0.565316203,0.953696396,716
1.0,39,1,3032.0,1,0,0,0,1.0,0.9999999,0.132871744,707
1.0,39,0,3950.0,3,0,0,0,3.0,0.278944984,0.0663123259999999,741
1.0,41,0,6071.0,5,1,2,0,4.0,0.236338579,0.3570487479999999,681
1.0,52,5,6000.0,10,0,1,3,0.0,0.917880482,0.538576904,730
1.0,54,3,4760.0,4,1,1,1,2.0,0.9999999,0.269481201,762
1.0,91,5,2394.0,5,1,0,3,0.0,0.7705472870000001,0.350313152,691
1.0,61,3,7400.0,14,1,3,1,0.0,0.736723641,0.722875287,694
1.0,47,1,7000.0,18,0,2,0,2.0,0.044358519,0.242679617,684
1.0,78,2,2500.0,7,0,0,0,0.0,0.244785382,0.317473011,695
1.0,28,0,1920.0,1,1,0,0,2.0,0.9999999,0.167621031,669
1.0,40,3,1600.0,6,1,1,2,1.0,0.983008496,1.069331668,712
1.0,61,2,4250.0,15,0,3,1,0.0,0.176889956,1.220889203,739
1.0,39,1,4550.0,1,0,0,0,2.0,0.9999999,0.034058449,701
1.0,39,4,9166.0,6,1,0,1,2.0,0.982514571,0.071997382,725
1.0,44,4,1458.0,16,0,1,0,0.0,1.011089051,1.259766964,724
1.0,27,0,7000.0,4,0,0,2,3.0,0.7419204840000001,0.070418512,745
1.0,36,0,7650.0,11,0,2,1,5.0,0.123717472,0.2083387789999999,701
1.0,40,2,39964.0,7,0,1,0,1.0,0.992006395,0.049568372,663
1.0,67,2,14583.0,15,0,2,0,1.0,0.860953777,0.435065826,675
1.0,48,4,7300.0,7,0,2,2,1.0,0.92704265,0.412820162,755
1.0,51,1,4249.0,10,0,1,0,1.0,0.8820638820000001,0.498117647,739
1.0,49,3,5220.0,10,2,1,0,3.0,0.639439567,0.919364106,746
1.0,70,0,1933.0,4,0,0,0,1.0,0.956886461,0.1799379519999999,751
1.0,52,0,6000.0,22,0,1,0,0.0,0.698265087,0.321279787,673
1.0,55,1,7968.0,21,0,1,2,0.0,1.055625509,0.46831472,708
1.0,30,3,3200.0,2,2,0,0,2.0,0.99036085,0.040612309,754
1.0,45,0,7600.0,13,0,1,0,2.0,0.419186106,0.587948954,736
1.0,35,2,5000.0,6,0,0,0,0.0,0.048878042,0.097580484,748
1.0,71,2,7000.0,22,0,1,0,1.0,0.952818991,0.820882731,685
1.0,48,1,3486.0,10,0,1,1,2.0,0.904968271,0.497275595,739
1.0,41,1,6900.0,18,0,7,2,0.0,0.542314335,2.6393276340000003,720
1.0,24,0,1800.0,0,3,0,0,1.0,0.9999999,0.068850639,685
1.0,55,0,12159.0,3,2,1,0,0.0,0.9999999,0.351973684,756
1.0,45,4,6416.0,9,1,0,1,3.0,0.0,0.228611501,744
1.0,61,0,9125.0,3,0,0,0,0.0,0.446267499,0.03583169,762
1.0,24,0,1790.0,3,0,0,0,0.0,0.521478521,0.008375209,694
1.0,52,0,4610.0,7,0,2,0,0.0,0.316001677,1.147690306,711
1.0,73,0,2760.0,10,0,2,1,0.0,0.51590416,0.888808403,675
1.0,27,2,3640.0,9,0,0,0,0.0,0.142594054,0.365284263,747
1.0,58,2,7000.0,9,0,0,0,2.0,1.014780038,0.267247536,721
1.0,52,4,9000.0,10,0,0,1,2.0,0.741311926,0.216975892,682
1.0,45,0,4000.0,6,6,0,1,2.0,0.9999999,0.357910522,705
1.0,74,3,2923.0,5,0,0,0,0.0,0.756157035,0.2329001369999999,764
1.0,64,5,7725.0,11,1,2,0,3.0,0.072212193,0.334455087,712
1.0,39,1,6916.0,20,1,2,1,1.0,1.192563569,0.943906318,753
1.0,63,1,11800.0,5,0,1,0,0.0,0.944315877,0.258367935,683
1.0,46,0,4822.0,7,0,1,0,4.0,0.0,0.2778353719999999,683
1.0,72,2,4333.0,3,2,0,0,2.0,0.6067864270000001,0.223811721,667
1.0,49,1,6300.0,11,0,1,0,4.0,0.35258342,0.275987938,765
1.0,51,0,9850.0,7,0,1,0,0.0,0.0,0.132575373,693
1.0,43,2,8050.0,13,0,6,0,4.0,0.434922911,1.239349149,699
1.0,51,1,17000.0,3,1,0,0,6.0,0.9999999,0.070289983,752
1.0,33,0,3500.0,5,1,0,1,0.0,0.774580602,0.225078549,742
1.0,42,1,32000.0,9,0,2,0,1.0,0.174757794,0.212087122,666
1.0,37,0,7650.0,11,0,2,0,2.0,0.910584194,0.408966148,714
1.0,27,0,1280.0,6,0,0,1,1.0,6.19e-06,0.478532397,692
1.0,67,3,6501.0,10,0,2,0,0.0,0.231758938,0.2494617039999999,671
1.0,63,0,8000.0,18,0,2,0,0.0,0.019167476,0.290338708,736
1.0,61,4,1808.0,8,3,1,2,0.0,0.108095952,1.075732449,700
1.0,57,0,3501.0,0,1,0,0,0.0,0.9999999,0.0,766
1.0,51,0,10000.0,26,0,3,0,3.0,0.019947813,0.531446855,757
1.0,33,0,4800.0,5,0,1,0,1.0,0.0231981029999999,0.398042075,684
1.0,44,0,4000.0,10,2,1,0,0.0,0.996254682,0.3684078979999999,672
1.0,70,1,2979.0,6,0,0,0,0.0,0.020616011,0.129865772,748
1.0,42,0,6500.0,6,0,1,0,0.0,0.011478065,0.327949546,706
1.0,45,4,6000.0,11,0,2,2,0.0,0.8374320479999999,0.823696051,670
1.0,26,1,2800.0,5,0,0,0,0.0,0.533716932,0.197786505,765
1.0,43,0,5081.0,7,0,2,1,0.0,0.135572885,0.339039748,729
1.0,63,0,6100.0,1,2,1,0,0.0,0.9999999,0.294705786,666
1.0,46,4,4800.0,9,0,1,1,2.0,0.514925787,0.44699021,681
1.0,32,0,4300.0,13,0,0,0,0.0,0.913719216,0.375261567,669
1.0,32,1,2875.0,3,0,0,2,0.0,0.8236331570000001,0.063282337,682
1.0,43,1,9383.0,7,0,0,0,0.0,1.041545707,0.119352089,728
1.0,31,0,4200.0,5,0,0,0,0.0,0.9999999,0.084741728,752
1.0,49,7,8783.0,17,1,2,1,1.0,0.5433311279999999,0.386156648,752
1.0,32,2,3740.0,6,2,1,1,2.0,0.914834066,0.414862336,760
1.0,66,1,3166.0,14,1,2,1,0.0,0.812318607,0.192453426,681
1.0,64,2,4833.0,23,0,2,0,0.0,0.7798921659999999,0.420976417,760
1.0,53,1,7500.0,14,2,0,0,0.0,0.139256255,0.039461405,712
1.0,34,0,6369.0,7,2,0,2,2.0,0.966004533,0.165463108,669
1.0,52,4,3200.0,13,1,2,1,0.0,0.969206159,1.821305842,692
1.0,25,0,2221.0,5,1,0,0,0.0,0.927338783,0.2011701169999999,746
1.0,46,2,5200.0,9,2,2,0,0.0,0.777400128,0.40223034,756
1.0,39,0,2308.0,15,0,1,0,1.0,0.514353049,0.984408835,725
1.0,68,0,2770.0,10,0,1,0,0.0,0.5020958329999999,0.387224829,686
1.0,65,0,5295.0,6,3,1,1,0.0,0.272942745,0.712990937,676
1.0,31,2,2600.0,3,3,0,0,0.0,0.0,0.331795463,731
1.0,48,0,6250.0,5,0,1,1,0.0,0.99191193,0.599584067,714
1.0,36,0,1500.0,8,0,1,0,1.0,0.0,0.620919387,673
1.0,38,0,2000.0,5,0,0,0,0.0,1.002997003,0.807596202,707
1.0,30,4,5758.0,8,2,2,0,0.0,1.114968064,0.320020837,736
1.0,54,1,2600.0,6,1,1,0,0.0,0.9999999,0.317185698,733
1.0,27,1,2047.0,4,0,0,0,1.0,0.811382426,0.3334960939999999,673
1.0,66,0,5666.0,14,0,3,0,0.0,0.83770214,0.935768484,737
1.0,51,0,4000.0,2,2,0,0,1.0,0.9999999,0.192451887,678
1.0,28,2,4000.0,14,0,2,0,0.0,0.336897337,0.545613597,751
1.0,33,0,5000.0,7,2,1,0,0.0,1.061938062,0.7672465509999999,748
1.0,63,1,7378.0,6,0,1,0,0.0,0.759312034,0.244748611,676
1.0,59,2,3000.0,3,1,1,1,0.0,0.982252218,0.67844052,708
1.0,53,0,9800.0,13,1,3,0,0.0,0.748427843,0.561371289,703
1.0,62,3,3380.0,12,1,0,0,1.0,0.064546488,0.0144927539999999,747
1.0,49,1,7416.0,18,0,3,1,0.0,0.069174204,0.521504651,673
1.0,42,1,6833.0,13,0,1,0,2.0,0.591321334,0.389230319,755
1.0,42,3,2585.0,9,3,1,0,0.0,1.584009994,0.299690642,682
1.0,70,1,1600.0,5,1,0,0,0.0,0.1046362909999999,0.026858214,675
1.0,36,0,10600.0,22,0,2,0,1.0,0.101045781,0.478634091,753
1.0,49,0,3300.0,2,0,0,1,3.0,0.950166113,0.098757952,681
1.0,90,2,7000.0,11,0,0,1,0.0,0.079293081,0.027710327,674
1.0,42,2,5333.0,6,0,2,0,0.0,0.828421293,0.428946382,676
1.0,59,1,3000.0,5,0,0,0,0.0,1.030138552,0.205264912,669
1.0,36,6,4000.0,3,1,2,1,1.0,0.9999999,0.8007998000000001,741
1.0,72,0,4760.0,8,0,1,0,0.0,0.640925112,0.6876706570000001,709
1.0,65,5,17050.0,17,1,2,1,1.0,0.944276737,0.436572635,663
1.0,35,0,2650.0,5,0,1,0,0.0,0.9999999,0.4013579779999999,752
1.0,44,0,2600.0,2,0,0,0,3.0,0.9999999,0.019223376,699
1.0,65,1,11056.0,8,0,2,0,3.0,0.6621388429999999,0.24183775,726
1.0,53,7,3430.0,13,3,1,4,0.0,0.888211179,0.478577674,759
1.0,53,4,234600.0,17,1,6,1,0.0,0.0,0.0505326059999999,722
1.0,59,2,4079.0,6,1,0,0,0.0,0.107280963,0.006617647,700
1.0,42,0,10300.0,23,0,4,0,4.0,0.748748416,0.566644015,686
1.0,36,0,4510.0,15,0,1,0,0.0,0.2309774839999999,0.606960763,730
1.0,40,0,6400.0,1,1,0,0,3.0,0.9999999,0.0042180909999999,728
1.0,87,0,3651.0,6,0,0,0,0.0,0.015720839,0.002464403,704
1.0,23,0,3745.0,7,0,0,1,0.0,1.001998002,0.134276562,744
1.0,40,1,12977.0,5,0,1,0,0.0,0.740518962,0.153105255,741
1.0,58,0,7416.0,3,0,1,0,0.0,0.070083712,0.203856006,659
1.0,47,0,10700.0,11,0,3,0,0.0,0.345515504,0.601345669,675
1.0,41,1,8000.0,4,1,2,1,1.0,0.0,0.526684164,695
1.0,33,2,9500.0,5,1,1,0,1.0,0.295633818,0.266919272,702
1.0,51,0,2784.0,8,0,0,0,3.0,0.647167057,0.50448833,767
1.0,59,0,7900.0,4,0,0,0,1.0,0.484653819,0.106695355,710
1.0,39,0,8048.0,21,0,2,0,2.0,0.365023081,0.727171077,734
1.0,59,0,20900.0,10,0,3,0,2.0,0.013060343,0.582555859,755
1.0,33,0,3197.0,7,0,0,0,0.0,0.122221498,0.242651657,722
1.0,45,1,2700.0,3,4,0,1,2.0,1.610556348,0.207700852,668
1.0,35,0,7631.0,10,0,1,0,1.0,0.7834713329999999,0.25379979,672
1.0,51,0,10605.0,17,0,2,0,1.0,0.937872733,0.634169338,722
1.0,63,0,11250.0,9,0,2,0,1.0,0.031676398,0.5540840810000001,720
1.0,57,2,10200.0,10,0,1,0,1.0,0.5578480720000001,0.314969121,719
1.0,53,1,1600.0,2,4,0,0,0.0,0.9999999,0.21299188,763
1.0,44,0,5000.0,1,0,0,1,0.0,0.9999999,0.077184563,750
1.0,47,1,6000.0,3,2,1,0,2.0,0.638994092,0.3946009,727
1.0,44,0,12000.0,7,1,2,1,3.0,0.1481310569999999,0.293308891,744
1.0,78,0,4000.0,16,1,0,0,0.0,0.031585449,0.013746563,677
1.0,56,0,4440.0,2,1,0,1,2.0,0.601914012,0.05291601,673
1.0,76,1,12010.0,12,0,2,0,0.0,0.398446385,0.141287153,677
1.0,60,0,4234.0,18,0,0,0,0.0,0.313589624,0.225265643,669
1.0,51,3,4741.0,6,1,1,1,0.0,0.72927242,0.235343737,749
1.0,44,1,2000.0,11,0,1,0,3.0,0.97029703,0.55922039,683
1.0,50,0,15000.0,11,0,2,1,2.0,1.052731576,0.431104593,684
1.0,63,2,3557.0,10,0,2,0,0.0,0.9999999,0.600337268,670
1.0,53,6,12800.0,4,1,0,1,0.0,2.020881671,0.110772596,737
1.0,52,0,20000.0,11,0,2,0,3.0,0.415843069,0.313234338,698
1.0,36,2,1350.0,9,0,0,0,1.0,0.817204301,0.276831976,748
1.0,48,4,8600.0,21,0,2,1,3.0,0.549525197,0.744913382,729
1.0,40,1,2400.0,8,1,1,4,2.0,1.072618254,0.259891712,696
1.0,27,1,4500.0,6,0,0,0,0.0,0.448651924,0.075538769,748
1.0,56,0,5147.0,2,1,0,1,0.0,0.9999999,0.08003108,764
1.0,36,0,5833.0,8,0,1,0,0.0,0.595090332,0.2754542339999999,723
1.0,43,1,2640.0,8,1,0,0,0.0,0.092877968,0.244604317,719
1.0,38,1,2500.0,10,0,0,1,0.0,0.3502518839999999,0.830067973,732
1.0,38,1,3433.0,5,0,1,1,2.0,0.206852876,0.417880023,677
1.0,28,2,2903.0,5,0,0,0,1.0,1.062839189,0.424242424,758
1.0,42,3,6300.0,18,0,0,0,3.0,0.496942483,0.212347246,710
1.0,30,0,4000.0,10,0,1,0,0.0,0.3387275979999999,0.498375406,683
1.0,41,0,4250.0,16,0,3,0,3.0,0.0068252819999999,0.145989179,661
1.0,28,1,2100.0,3,0,0,0,0.0,0.2518856339999999,0.284626368,753
1.0,54,4,3558.0,3,1,1,2,2.0,0.9999999,0.411070525,745
1.0,42,0,3000.0,6,0,0,0,0.0,0.078434773,0.250249917,758
1.0,28,1,2800.0,12,0,0,0,2.0,0.413305474,0.1192431269999999,706
1.0,57,0,5000.0,6,0,0,0,0.0,0.999000999,0.120375925,686
1.0,40,1,5960.0,9,0,2,0,3.0,0.127916552,0.398087569,674
1.0,36,98,3275.0,0,98,0,98,2.0,0.9999999,0.007936508,702
1.0,39,1,2500.0,7,0,1,0,0.0,0.518839713,0.661335466,712
1.0,44,0,15000.0,6,0,1,0,2.0,0.523555641,0.237584161,720
1.0,29,0,3861.0,4,0,2,0,1.0,0.9999999,0.516571724,731
1.0,59,3,11166.0,7,5,1,2,0.0,0.91160442,0.775678338,747
1.0,50,2,3200.0,6,2,0,2,3.0,0.99240076,0.424242424,710
1.0,41,0,7900.0,17,0,1,0,3.0,0.697762332,0.527148462,698
1.0,48,0,4500.0,9,2,0,0,1.0,0.993742348,0.438124861,734
1.0,56,3,4658.0,16,0,3,0,0.0,0.05957738,0.667954497,659
1.0,43,1,4350.0,1,0,0,0,2.0,1.857819905,0.017697081,680
1.0,62,0,4664.0,12,0,2,0,0.0,0.548682969,0.574062165,687
1.0,54,1,5000.0,10,0,1,0,0.0,0.636307407,0.515296941,762
1.0,63,6,9466.0,14,0,0,1,0.0,0.255755131,0.103200592,670
1.0,55,3,7500.0,10,1,0,0,0.0,0.979085268,0.3638181579999999,696
1.0,51,1,2630.0,14,0,0,0,0.0,0.26127292,0.242493349,734
1.0,32,0,1800.0,4,1,0,2,2.0,1.034353529,0.43420322,685
1.0,32,1,1211.0,3,0,0,0,1.0,0.9999999,0.372937294,674
1.0,43,0,5300.0,5,3,0,2,1.0,0.774788624,0.18751179,751
1.0,43,1,8098.0,6,0,0,1,0.0,0.016814976,0.029509816,665
1.0,37,0,6666.0,9,0,2,0,3.0,0.21301007,0.741112944,755
1.0,43,0,14000.0,10,0,2,0,3.0,0.32733668,0.521534176,727
1.0,30,0,2000.0,6,0,0,0,0.0,1.228506141,0.31884058,757
1.0,58,0,3800.0,4,0,2,0,3.0,0.9999999,0.527492765,687
1.0,41,1,8567.0,2,1,0,1,3.0,0.9999999,0.055322129,746
1.0,59,1,4000.0,9,0,0,0,3.0,0.118334533,0.2011997,746
1.0,42,0,4962.0,3,0,1,0,0.0,0.0,0.261736853,695
1.0,36,1,4800.0,5,2,1,0,3.0,0.9999999,0.299729223,669
1.0,53,0,3333.0,14,0,2,0,2.0,0.28915456,0.149190162,667
1.0,25,1,2334.0,0,0,0,0,0.0,0.9999999,0.065524625,725
1.0,33,0,7084.0,12,0,2,0,0.0,0.683047168,0.530698659,670
1.0,43,2,7120.0,0,3,0,0,2.0,0.9999999,0.058418761,749
1.0,47,0,10000.0,10,0,2,1,1.0,0.63545461,0.455454455,764
1.0,46,4,5600.0,5,0,0,1,6.0,0.9999999,0.362792359,689
1.0,31,0,2357.0,3,0,0,0,2.0,0.534109817,0.0229007629999999,678
1.0,49,0,8083.0,12,0,2,0,1.0,0.961456881,0.653884216,670
1.0,56,2,8897.0,7,0,1,0,0.0,0.417311018,0.154978647,682
1.0,56,0,3833.0,2,7,0,1,0.0,0.9999999,0.4214919139999999,727
1.0,56,1,4166.0,19,0,2,1,2.0,0.070384351,0.879529638,755
1.0,33,3,2000.0,10,0,0,1,0.0,0.035458478,0.296351824,733
1.0,39,6,6524.0,14,1,2,0,2.0,1.005228758,0.241072797,722
1.0,72,2,4666.0,11,0,3,0,0.0,0.290054112,0.74351832,701
1.0,43,1,3200.0,6,2,0,1,1.0,0.9999999,0.28022493,673
1.0,22,0,1600.0,1,0,0,0,0.0,0.9999999,0.234853217,726
1.0,33,1,3280.0,2,1,0,0,0.0,0.9999999,0.13197196,676
1.0,49,1,2025.0,1,1,0,0,1.0,1.5298804780000002,0.005429418,747
1.0,49,3,5900.0,3,7,1,1,2.0,0.9999999,0.256566684,668
1.0,54,2,5163.0,6,1,0,0,1.0,0.9999999,0.558675445,696
1.0,34,0,3500.0,4,1,1,0,2.0,1.007801073,0.525849757,681
1.0,62,0,1162.0,8,0,3,0,0.0,0.035860591,2.291487532,741
1.0,33,2,2400.0,13,0,0,0,0.0,0.883288255,0.510620575,679
1.0,26,1,3500.0,4,0,0,0,0.0,0.245433942,0.171950871,673
1.0,49,2,12350.0,6,0,2,0,0.0,0.906241556,0.154886244,659
1.0,32,0,7500.0,3,1,0,0,0.0,0.9999999,0.026263165,745
1.0,38,3,12500.0,5,0,1,0,3.0,1.008832843,0.3166946639999999,719
1.0,33,0,3600.0,6,0,2,1,0.0,0.017988008,0.5331852260000001,704
1.0,29,0,2000.0,15,0,0,0,1.0,0.688084748,0.7441279359999999,702
1.0,40,0,7833.0,9,0,2,0,2.0,0.300300967,0.529486852,728
1.0,35,0,5000.0,8,0,0,1,2.0,0.613650413,0.25934813,688
1.0,43,0,3000.0,7,1,1,4,2.0,1.071798668,0.67410863,731
1.0,52,0,2000.0,9,0,2,1,0.0,0.903946248,1.7061469269999998,683
1.0,32,0,7000.0,7,0,2,0,0.0,0.03685028,0.506070561,693
1.0,37,2,8573.0,12,0,2,0,0.0,0.748652685,0.625495685,672
1.0,41,1,5700.0,5,4,0,0,3.0,0.928407159,0.190317488,682
1.0,56,1,4333.0,9,0,1,0,1.0,0.0431734609999999,0.155514536,694
1.0,62,0,1425.0,8,1,1,0,1.0,0.9999999,0.8737727909999999,742
1.0,55,3,3250.0,6,0,0,2,1.0,0.339294728,0.042756075,704
1.0,42,1,4000.0,8,2,1,4,0.0,2.297612046,0.806048488,746
1.0,43,3,3330.0,13,0,1,0,0.0,0.904925085,0.677574302,733
1.0,40,2,1499.0,2,1,0,0,1.0,0.9999999,0.434666667,676
1.0,50,0,9881.0,12,0,1,0,1.0,0.383482329,0.525298523,691
1.0,52,0,7000.0,18,0,4,0,1.0,0.8602419840000001,0.113398086,744
1.0,44,2,3550.0,7,0,1,1,2.0,0.991440799,0.482680935,757
1.0,63,0,2833.0,1,1,0,0,0.0,0.9999999,0.160550459,747
1.0,45,5,7100.0,7,0,1,0,1.0,0.7292725609999999,0.376989156,740
1.0,38,1,4400.0,5,0,0,0,0.0,0.1738261739999999,0.090888434,715
1.0,36,2,5000.0,10,0,1,1,2.0,0.042164324,0.394921016,752
1.0,45,2,9120.0,13,0,6,0,2.0,0.7661266090000001,0.8029821290000001,666
1.0,50,5,16078.0,15,3,0,0,2.0,0.92371926,0.1681074689999999,704
1.0,36,1,3466.0,1,0,0,0,0.0,0.9999999,0.0614364,686
1.0,50,1,8716.0,14,0,1,0,0.0,0.480211382,0.406906046,742
1.0,35,4,3020.0,8,2,0,0,0.0,0.842674533,0.446209864,736
1.0,57,3,27000.0,15,0,0,0,0.0,0.039865824,0.070738121,662
1.0,47,2,8333.0,9,0,0,0,1.0,0.771467572,0.268178546,727
1.0,34,0,4536.0,6,0,0,0,1.0,0.189351331,0.2730879439999999,670
1.0,34,2,2000.0,3,1,0,0,0.0,0.011745503,0.190904548,757
1.0,49,0,2800.0,5,0,2,0,0.0,0.9999999,0.7193859340000001,670
1.0,35,0,9750.0,16,0,2,0,2.0,0.1715360689999999,0.8245308170000001,754
1.0,43,0,3558.0,5,0,0,0,2.0,0.011638963,0.053385783,687
1.0,51,6,9600.0,12,0,1,0,2.0,1.007872061,0.338923029,696
1.0,61,0,4500.0,12,0,2,0,0.0,0.562347588,0.51210842,690
1.0,76,0,6340.0,14,0,6,0,0.0,0.228858908,0.509541082,741
1.0,32,0,2900.0,4,0,0,0,3.0,0.71058788,0.233023095,736
1.0,36,0,5000.0,9,0,4,0,1.0,0.0,0.680863827,750
1.0,31,0,4000.0,1,0,0,0,0.0,0.970149254,0.001249688,750
1.0,40,0,12000.0,19,2,3,11,0.0,0.878881177,0.605616199,665
1.0,46,1,3300.0,8,0,1,0,2.0,0.713950057,0.7437140259999999,719
1.0,49,2,13000.0,10,0,1,0,1.0,0.537157027,0.520729175,696
1.0,57,0,9560.0,19,0,6,0,0.0,0.029308142,0.6447024370000001,726
1.0,51,0,3528.0,3,3,0,0,0.0,0.8770764120000001,0.081326155,746
1.0,41,4,3000.0,9,0,0,1,1.0,0.991637124,0.350549817,706
1.0,44,1,2800.0,15,1,2,0,1.0,0.199426883,0.681542306,727
1.0,52,0,3045.0,6,0,0,0,0.0,0.013347263,0.005909389,703
1.0,34,0,11750.0,11,0,2,0,2.0,0.624961542,0.28320994,688
1.0,57,1,2000.0,4,2,1,2,2.0,1.056478405,0.40129935,672
1.0,65,3,7000.0,14,0,5,0,0.0,0.0553946929999999,0.87958863,698
1.0,26,0,2000.0,11,0,0,0,0.0,1.039946738,0.7841079459999999,685
1.0,39,1,4076.0,5,1,0,0,2.0,1.401197605,0.103507481,701
1.0,49,0,7000.0,8,0,2,0,3.0,0.841061684,0.562919583,677
1.0,61,0,11399.0,17,0,1,0,0.0,0.3602719789999999,0.277280702,756
1.0,57,1,9190.0,8,0,1,0,2.0,1.029725869,1.022630835,732
1.0,40,0,7700.0,10,0,1,0,2.0,0.474305505,0.320607713,681
1.0,50,0,2500.0,7,0,0,0,3.0,1.005293835,0.225109956,756
1.0,38,0,1600.0,6,0,2,0,0.0,0.520593606,1.808869457,759
1.0,33,1,3083.0,4,0,0,0,4.0,1.205980066,0.211738003,722
1.0,47,5,5000.0,5,0,0,1,2.0,0.997062684,0.227954409,723
1.0,29,1,2200.0,5,2,0,0,0.0,1.441860465,0.174920491,694
1.0,66,6,3916.0,15,0,0,1,0.0,0.103109328,0.180750574,692
1.0,86,1,5000.0,12,1,0,0,0.0,0.0,0.082983403,757
1.0,71,2,5514.0,14,1,1,1,0.0,0.7918858390000001,0.69356301,681
1.0,36,1,3993.0,10,0,0,0,1.0,0.7145356829999999,0.171757636,700
1.0,47,1,8000.0,3,0,1,0,2.0,0.219554611,0.1856017999999999,730
1.0,52,1,8900.0,15,0,3,0,2.0,0.644737806,0.7928322659999999,674
1.0,49,0,7122.0,7,0,0,0,0.0,0.876364287,0.429594272,699
1.0,30,0,5200.0,8,0,0,2,5.0,0.5401505,0.143818496,703
1.0,45,3,2305.0,10,0,0,0,2.0,1.063782107,0.257588899,730
1.0,24,0,1700.0,0,0,0,0,0.0,0.9999999,0.0,659
1.0,38,1,3076.0,1,0,0,1,0.0,0.9999999,0.0055248619999999,708
1.0,28,0,2400.0,6,0,0,0,0.0,0.9999999,0.254477301,757
1.0,48,0,3000.0,13,0,2,0,0.0,0.720252769,1.309563479,739
1.0,51,0,3644.0,1,0,0,0,0.0,1.086378738,0.032098765,725
1.0,29,1,9166.0,5,1,0,0,1.0,0.8041010000000001,0.127740809,738
1.0,67,1,2917.0,0,0,0,0,0.0,0.9999999,0.131939685,725
1.0,39,1,3532.0,3,3,1,0,0.0,0.9999999,0.440984999,707
1.0,44,1,6500.0,16,0,1,0,3.0,0.942867953,0.459621597,693
1.0,35,0,3200.0,1,1,0,0,1.0,0.9999999,0.0943455169999999,707
1.0,63,0,2917.0,9,0,0,0,0.0,0.626161305,0.529814942,754
1.0,40,0,6000.0,8,0,2,0,0.0,0.467536126,0.3887685389999999,703
1.0,62,0,5700.0,14,1,3,0,0.0,0.3921422029999999,0.7402210140000001,727
1.0,50,2,5256.0,1,0,0,1,0.0,0.9999999,0.128019783,706
1.0,33,1,3500.0,5,0,0,0,4.0,0.0,0.208226221,686
1.0,37,5,3708.0,17,0,5,0,0.0,1.003444362,2.173901321,716
1.0,50,1,16500.0,10,0,1,0,0.0,0.299128625,0.376583237,734
1.0,46,1,4431.0,3,1,1,1,2.0,0.9999999,0.350857401,682
1.0,57,0,5935.0,15,0,2,0,0.0,0.439440927,0.797506739,667
1.0,51,1,1400.0,16,0,3,0,1.0,0.0618728179999999,0.022041399,695
1.0,49,0,1600.0,15,0,0,0,0.0,0.011568401,0.572767021,697
1.0,35,1,2105.0,11,0,1,0,2.0,0.312162899,0.015337132,708
1.0,42,0,3710.0,4,2,1,3,2.0,1.053263043,0.442737807,683
1.0,48,2,2800.0,5,3,1,1,2.0,0.916900968,0.524455552,671
1.0,23,0,1500.0,2,0,0,0,0.0,0.991002999,0.204530313,683
1.0,37,0,6000.0,16,0,2,0,1.0,0.916297975,0.6013997670000001,675
1.0,40,2,22941.0,11,0,2,0,4.0,0.957289654,0.218812658,759
1.0,69,0,3300.0,9,1,3,0,0.0,0.0257662429999999,1.029385035,677
1.0,54,0,10416.0,11,0,2,0,2.0,0.0,0.378419891,728
1.0,79,0,2268.0,3,0,0,0,0.0,0.9999999,0.33230498,672
1.0,36,0,3600.0,5,0,2,0,0.0,0.906145847,0.4931963339999999,678
1.0,41,3,5500.0,10,2,2,2,2.0,0.001113592,0.699327395,670
1.0,35,0,12000.0,9,0,1,0,0.0,0.088828398,0.335305391,750
1.0,40,0,3200.0,10,0,0,0,2.0,0.069723888,0.037488285,694
1.0,33,1,9449.0,13,0,0,0,0.0,0.957921507,0.208359788,726
1.0,53,0,6000.0,8,1,1,0,0.0,0.188407008,0.160139977,756
1.0,29,3,8000.0,7,0,1,1,0.0,1.009996668,0.917010374,662
1.0,30,3,6500.0,13,0,2,1,1.0,0.7294077309999999,0.960929088,705
1.0,69,0,3500.0,19,2,2,0,0.0,0.291048264,0.114624393,758
1.0,36,0,4791.0,0,0,0,1,0.0,0.9999999,0.002504174,756
1.0,50,5,8000.0,12,0,0,0,0.0,0.990230259,0.265716785,740
1.0,33,1,4500.0,8,0,2,6,4.0,0.934208326,0.613197067,735
1.0,62,0,3017.0,2,1,0,0,1.0,0.9999999,0.100066269,695
1.0,45,0,9400.0,19,0,2,0,3.0,0.760447825,0.396766301,720
1.0,30,1,3600.0,4,0,0,0,0.0,1.0191626740000002,0.336850875,704
1.0,23,0,1450.0,2,0,0,0,0.0,0.1009990009999999,0.020675396,760
